idx,question_x,answer_x,correctness_x,explanation_x,question_y,answer_y,correctness_y,explanation_y,agreement
21,This singer of A Rather Blustery Day also voiced what hedgehog?,Sonic,1,"The answer 'sonic' correctly identifies the hedgehog character voiced by the singer of 'Rather Be' (Jess Glynne), who voiced Sonic in the 2020 movie.",This singer of A Rather Blustery Day also voiced what hedgehog?,Sonic,0,"The singer of 'A Rather Blustery Day' is Sterling Holloway, who voiced Winnie the Pooh and also voiced the hedgehog in 'The Adventures of Ichabod and Mr. Toad.' Sonic is not correct; Sonic is a video game character and not voiced by Sterling Holloway.",False
6,Who was known by his stage name Aladin and helped organizations improve their performance as a consultant?,Eenasul Fateh,0,"The answer 'eenasul fateh' does not correspond to any known consultant or individual known by the stage name 'Aladin' who helped organizations improve their performance. Therefore, the answer is incorrect.",Who was known by his stage name Aladin and helped organizations improve their performance as a consultant?,Eenasul Fateh,1,Eenasul Fateh is known by his stage name Aladin and is recognized for his work as a consultant helping organizations improve their performance.,False
181,Randall Cunningham II was a multi-sport athlete at the high school located in what Nevada city?,Summerlin,1,"Randall Cunningham II attended high school in Summerlin, Nevada, where he was a multisport athlete.",Randall Cunningham II was a multi-sport athlete at the high school located in what Nevada city?,Summerlin,0,"Summerlin is a community within Las Vegas, not a city itself. The correct answer is Las Vegas, Nevada.",False
39,Ralph Hefferline was a psychology professor at a university that is located in what city?,New York City,0,"Ralph Hefferline was a psychology professor at Columbia University, which is located in New York City, so the answer 'new york city' is correct.",Ralph Hefferline was a psychology professor at a university that is located in what city?,New York City,1,"Ralph Hefferline was a psychology professor at Columbia University, which is located in New York City.",False
130,"Which film was Oscar nominated, LaLee's Kin: The Legacy of Cotton or Gimme Shelter, the 1970 Rolling Stones documentary?",LaLee's Kin: The Legacy of Cotton,0,"The film 'Gimme Shelter' (1970), a documentary about the Rolling Stones, was Oscar nominated, not 'Lalees Kin Legacy of Cotton.'","Which film was Oscar nominated, LaLee's Kin: The Legacy of Cotton or Gimme Shelter, the 1970 Rolling Stones documentary?",LaLee's Kin: The Legacy of Cotton,1,"'Lalee's Kin: The Legacy of Cotton' was nominated for the Academy Award for Best Documentary Feature, while 'Gimme Shelter' was not nominated for an Oscar.",False
88,How many copies of Roald Dahl's variation on a popular anecdote sold?,250 million,1,"Roald Dahl's works, including his variations on popular anecdotes, have sold around 250 million copies worldwide, which aligns with the provided figure.",How many copies of Roald Dahl's variation on a popular anecdote sold?,250 million,0,"The answer '250 million' refers to the total number of Roald Dahl books sold worldwide, not specifically to his 'variation on popular anecdote.' The question is ambiguous, but there is no evidence that any single story or variation by Dahl sold 250 million copies.",False
116,Suicide's 1977 released album features a song based on what brand's comic character?,Marvel,0,"The album 'Suicide' released in 1977 does not feature a song based on a Marvel comic character. The band Suicide's work is not known for referencing Marvel characters, so the answer 'marvel' is incorrect.",Suicide's 1977 released album features a song based on what brand's comic character?,Marvel,1,"The band Suicide's 1977 album features the song 'Ghost Rider,' which is based on the Marvel Comics character Ghost Rider. Therefore, 'marvel' is a correct answer.",False
134,"This American crime film set in South Los Angeles was written and directed by the same director and writer of screenwriter of ""Street Kings"", ""End of Watch"", ""Sabotage"", ""Fury"" and what other film? ",Suicide Squad,0,"The answer 'Suicide Squad' is incorrect because it was not written and directed by the same person who wrote and directed 'Street Kings,' 'End of Watch,' 'Sabotage,' and 'Fury.' Those films were directed and written by David Ayer, whereas 'Suicide Squad' was directed by David Ayer but not written by him alone, and it is not primarily considered a South Los Angeles crime film like the others.","This American crime film set in South Los Angeles was written and directed by the same director and writer of screenwriter of ""Street Kings"", ""End of Watch"", ""Sabotage"", ""Fury"" and what other film? ",Suicide Squad,1,"The director and writer of 'Street Kings', 'End of Watch', 'Sabotage', and 'Fury' is David Ayer, who also wrote and directed 'Suicide Squad'. The answer is correct.",False
34,"Which band, Letters to Cleo or Screaming Trees, had more members?",Letters to Cleo,1,"Letters to Cleo had more members than Screaming Trees; Letters to Cleo is known as a band with multiple members, while Screaming Trees had fewer members.","Which band, Letters to Cleo or Screaming Trees, had more members?",Letters to Cleo,0,"Screaming Trees had more members than Letters to Cleo. Screaming Trees typically had 4-5 members, while Letters to Cleo usually had 4 members.",False
1,What government position was held by the woman who portrayed Corliss Archer in the film Kiss and Tell?,Chief of Protocol,0,"The woman who portrayed Corliss Archer in the film 'Kiss and Tell' was Shirley Temple, who did not hold the government position of Chief of Protocol. Therefore, the answer is incorrect.",What government position was held by the woman who portrayed Corliss Archer in the film Kiss and Tell?,Chief of Protocol,1,"Shirley Temple, who portrayed Corliss Archer in the film 'Kiss and Tell,' later served as the Chief of Protocol of the United States.",False
29,"What is the name for the adventure in ""Tunnels and Trolls"", a game designed by Ken St. Andre?",Arena of Khazan,0,"The correct name for the adventure in the Tunnels & Trolls game designed by Ken St. Andre is 'The Cave of the Unknown,' not 'Arena of Khazan.'","What is the name for the adventure in ""Tunnels and Trolls"", a game designed by Ken St. Andre?",Arena of Khazan,1,'Arena of Khazan' is indeed an adventure for the Tunnels & Trolls game designed by Ken St. Andre.,False
165,"In 2017, what was 3/4th of the organization that also has a Center for Veterinary Medicine as well as part of the U.S. Department of Health and Human Services, spent on?",Prescription Drug User Fee Act,0,"The answer 'prescription drug user fee act' does not correctly address the question about what the 34th organization with a Center for Veterinary Medicine under the US Department of Health and Human Services spent on in 2017. The Prescription Drug User Fee Act is legislation, not a spending category or organization.","In 2017, what was 3/4th of the organization that also has a Center for Veterinary Medicine as well as part of the U.S. Department of Health and Human Services, spent on?",Prescription Drug User Fee Act,1,"The question refers to the FDA (the 34th organization in a list, which has a Center for Veterinary Medicine and is part of the US Department of Health and Human Services). In 2017, the FDA spent funds from the Prescription Drug User Fee Act (PDUFA), which is correct as PDUFA funds are used by the FDA for drug review activities.",False
60,What distinction is held by the former NBA player who was a member of the Charlotte Hornets during their 1992-93 season and was head coach for the WNBA team Charlotte Sting?,shortest player ever to play in the National Basketball Association,0,"The answer does not specify the player's name or confirm that the former NBA player who was a member of the Charlotte Hornets during the 1992-93 season and later head coach of the WNBA's Charlotte Sting is the shortest player ever in the NBA. Without identifying the player or verifying this distinction, the answer is incorrect.",What distinction is held by the former NBA player who was a member of the Charlotte Hornets during their 1992-93 season and was head coach for the WNBA team Charlotte Sting?,shortest player ever to play in the National Basketball Association,1,"The player in question is Muggsy Bogues, who played for the Charlotte Hornets during the 1992-93 NBA season and was later the head coach of the WNBA's Charlotte Sting. He is known as the shortest player ever to play in the NBA.",False
38,Are both Elko Regional Airport and Gerald R. Ford International Airport located in Michigan?,no,0,"Both Elko Regional Airport and Gerald R. Ford International Airport are not located in Michigan; only Gerald R. Ford International Airport is in Michigan, while Elko Regional Airport is in Nevada. Therefore, the answer 'no' is correct.",Are both Elko Regional Airport and Gerald R. Ford International Airport located in Michigan?,no,1,"Elko Regional Airport is located in Nevada, not Michigan. Only Gerald R. Ford International Airport is in Michigan. Therefore, the answer 'no' is correct.",False
33,Are Freakonomics and In the Realm of the Hackers both American documentaries?,no,0,"Both 'Freakonomics' and 'In the Realm of Hackers' are American documentaries, so the answer 'no' is incorrect.",Are Freakonomics and In the Realm of the Hackers both American documentaries?,no,1,"'Freakonomics' is an American documentary film, and 'In the Realm of the Hackers' is an Australian documentary, not American. Therefore, the answer 'no' is correct.",False
2,"What science fantasy young adult series, told in first person, has a set of companion books narrating the stories of enslaved worlds and alien species?",Animorphs,0,"The 'Animorphs' series is a science fiction young adult series told in first person, but it does not have a set of companion books specifically narrating stories of enslaved worlds and alien species as described. The description better fits other series like 'The Expanse' or 'The Dark Tower' with companion works, but not 'Animorphs.'","What science fantasy young adult series, told in first person, has a set of companion books narrating the stories of enslaved worlds and alien species?",Animorphs,1,"Animorphs is a science fantasy young adult series told in first person, with companion books (such as the Chronicles and Megamorphs) that narrate stories of enslaved worlds and alien species.",False
14,The football manager who recruited David Beckham managed Manchester United during what timeframe?,from 1986 to 2013,0,"The answer is incorrect because the football manager who recruited David Beckham was Sir Alex Ferguson, who managed Manchester United from 1986 to 2013, but the question asks specifically about the manager, not the timeframe alone. The answer should specify Sir Alex Ferguson as the manager during that timeframe.",The football manager who recruited David Beckham managed Manchester United during what timeframe?,from 1986 to 2013,1,"Sir Alex Ferguson, who recruited David Beckham, managed Manchester United from 1986 to 2013. The answer is correct.",False
12,What year did Guns N Roses perform a promo for a movie starring Arnold Schwarzenegger as a former New York Police detective?,1999,0,"Guns N' Roses performed the promotional song 'You Could Be Mine' for the movie 'Terminator 2: Judgment Day,' which starred Arnold Schwarzenegger as a former police detective. This movie was released in 1991, not 1999, so the answer is incorrect.",What year did Guns N Roses perform a promo for a movie starring Arnold Schwarzenegger as a former New York Police detective?,1999,1,"Guns N' Roses performed the song 'Oh My God' as a promo for the movie 'End of Days,' which starred Arnold Schwarzenegger as a former New York police detective. The movie and the song were both released in 1999.",False
94,"In what month is the annual documentary film festival, that is presented by the fortnightly published British journal of literary essays, held? ",March and April,0,"The answer 'march and april' is incorrect because the British journal of literary essays, known as 'The London Review of Books,' presents the annual documentary film festival called 'The London Review of Books Film Festival,' which is typically held in October, not in March and April.","In what month is the annual documentary film festival, that is presented by the fortnightly published British journal of literary essays, held? ",March and April,1,"The annual documentary film festival presented by the British journal 'Granta' (a fortnightly published literary journal) is the Essay Film Festival, which is typically held in March and April.",False
177,When was the Western Germanic language spoken from which the small settlement situated on the river Leda opposite Leer derives its name?,between the 8th and 16th centuries,0,The answer provides a time range for when Western Germanic languages were spoken but does not address the specific small settlement on the river Leda opposite Leer from which its name derives.,When was the Western Germanic language spoken from which the small settlement situated on the river Leda opposite Leer derives its name?,between the 8th and 16th centuries,1,"The Western Germanic languages were spoken from around the 8th to the 16th centuries, which aligns with the period when many settlements in that region would have derived their names from the language.",False
124,The youngest daughter of Lady Mary-Gaye Curzon stars with Douglas Smith and Lucien Laviscount  in what 2017 film?,The Bye Bye Man,0,"The answer 'Bye Bye Man' is incorrect because Lady Marygaye Curzon's youngest daughter, Cressida Bonas, does not star in that film. The 2017 film starring Douglas Smith and Lucien Laviscount is 'The Bye Bye Man,' but Lady Marygaye Curzon's youngest daughter is not part of its cast.",The youngest daughter of Lady Mary-Gaye Curzon stars with Douglas Smith and Lucien Laviscount  in what 2017 film?,The Bye Bye Man,1,"The youngest daughter of Lady Mary-Gaye Curzon is Cressida Bonas, who starred with Douglas Smith and Lucien Laviscount in the 2017 film 'The Bye Bye Man.' The answer is correct.",False
59,Are both Cypress and Ajuga genera?,no,1,"Cypress is a common name for trees in the genus Cupressus, while Ajuga is a separate genus of flowering plants; thus, they are not both genera named 'Cypress' and 'Ajuga' but rather two distinct genera.",Are both Cypress and Ajuga genera?,no,0,"The answer is incorrect. Both 'Cypress' (referring to Cupressus) and 'Ajuga' are genera of plants. Therefore, the correct answer should be 'yes'.",False
149,"Which song was behind the third single on the album  ""A Lot About Livin' (And a Little 'bout Love)"" for two weeks on the country charts?","""We'll Burn That Bridge""",0,The answer 'well burn that bridge' is incorrect because the song title is likely 'We'll Burn That Bridge' and it was not the third single from the album 'A Lot About Livin' (And a Little 'bout Love)' by Alan Jackson; the third single was 'Chasin' That Neon Rainbow.',"Which song was behind the third single on the album  ""A Lot About Livin' (And a Little 'bout Love)"" for two weeks on the country charts?","""We'll Burn That Bridge""",1,"'Burn That Bridge' was the third single from Alan Jackson's album 'A Lot About Livin' (And a Little 'bout Love)', and it spent two weeks on the country charts. The answer is correct.",False
9,Are Local H and For Against both from the United States?,yes,0,"The answer 'yes' is unclear and does not specify what 'local h and for against' refers to, making it impossible to verify correctness. Therefore, the answer is considered incorrect.",Are Local H and For Against both from the United States?,yes,1,Local H and For Against are both American rock bands from the United States.,False
50,Which year and which conference was the 14th season for this conference as part of the NCAA Division that the Colorado Buffaloes played in with a record of 2-6 in conference play?,2009 Big 12 Conference,1,"The 2009 season was the 14th season of the Big 12 Conference as part of NCAA Division I, and the Colorado Buffaloes played in the Big 12 Conference that year with a conference record of 2-6, which aligns with the given information.",Which year and which conference was the 14th season for this conference as part of the NCAA Division that the Colorado Buffaloes played in with a record of 2-6 in conference play?,2009 Big 12 Conference,0,"The 2009 Big 12 Conference was not the 14th season for the Big 12 as part of the NCAA Division I, nor did Colorado Buffaloes have a 26-win conference record that year. The Big 12's 14th season was 2009-10, but Colorado did not have a 26-win conference record in any season.",False
171,What is the birthplace of the Senator who represents the first of 62 districts in the State Senate?,"Brooklyn, New York",0,"The answer 'Brooklyn, New York' does not specify which state or senator is being referred to, and without additional context, it cannot be confirmed as correct for the senator representing the first of 62 districts in a state senate.",What is the birthplace of the Senator who represents the first of 62 districts in the State Senate?,"Brooklyn, New York",1,"The senator representing the 1st district of the New York State Senate is Anthony Palumbo, who was born in Brooklyn, New York. Therefore, the answer is correct.",False
22,"Aside from the Apple Remote, what other device can control the program Apple Remote was originally designed to interact with?",keyboard function keys,0,"The Apple Remote was originally designed to interact with devices like the Apple TV and certain Mac computers for media control, not keyboard function keys. Keyboard function keys are part of a keyboard, not a device controlled by the Apple Remote.","Aside from the Apple Remote, what other device can control the program Apple Remote was originally designed to interact with?",keyboard function keys,1,"The Apple Remote was originally designed to interact with Front Row, and keyboard function keys (such as F8, F9, F10 on Macs) could also be used to control Front Row. Therefore, the answer is correct.",False
109,"Which airplane was this Major test-flying after whom the base, that 514th Flight Test Squadron is stated at, is named?",B-17 Flying Fortress bomber,0,"The answer does not address the question correctly. The question asks about the airplane after which the base that the 514th Flight Test Squadron is stationed is named, not about the airplane the squadron was test flying. The 514th Flight Test Squadron is based at Hill Air Force Base, which is named after Major Ployer Peter Hill, not after an airplane like the B-17 Flying Fortress.","Which airplane was this Major test-flying after whom the base, that 514th Flight Test Squadron is stated at, is named?",B-17 Flying Fortress bomber,1,"The 514th Flight Test Squadron is based at Edwards Air Force Base, which is named after Captain Glen Edwards, a major test pilot. Glen Edwards was a test pilot for the B-17 Flying Fortress bomber, among other aircraft. Therefore, the answer is correct.",False
131,"Which board game was published most recently, Pirate's Cove or Catan?",Pirate's Cove,0,"Pirates Cove was published in 2002, while Catan was originally published in 1995, so Pirates Cove is the more recent publication. However, the answer 'pirates cove' is correct, so the correctness should be 1.","Which board game was published most recently, Pirate's Cove or Catan?",Pirate's Cove,1,"Pirate's Cove was published in 2002, while Catan (originally The Settlers of Catan) was published in 1995. Therefore, Pirate's Cove was published more recently.",False
3,Are the Laleli Mosque and Esma Sultan Mansion located in the same neighborhood?,no,0,"Laleli Mosque and Esma Sultan Mansion are both located in the same general area of Istanbul, specifically in the Beyoğlu district, so the answer 'no' is incorrect.",Are the Laleli Mosque and Esma Sultan Mansion located in the same neighborhood?,no,1,"Laleli Mosque is located in the Laleli neighborhood, while Esma Sultan Mansion is in Ortaköy. They are not in the same neighborhood.",False
97,"Which filmmaker was known for animation, Lev Yilmaz or Pamela B. Green?",Levni Yilmaz,0,"The answer contains a misspelling of Lev Yilmaz's name as 'levni yilmaz'. Additionally, Lev Yilmaz is known for animation, whereas Pamela B Green is not primarily known for animation. Despite the misspelling, the intended answer is Lev Yilmaz, who is the correct filmmaker known for animation.","Which filmmaker was known for animation, Lev Yilmaz or Pamela B. Green?",Levni Yilmaz,1,"Lev Yilmaz (often spelled Levni Yilmaz) is known for his animated series 'Tales of Mere Existence,' making him the filmmaker known for animation among the two.",False
180,What podcast was the cheif executive officer of Nerdist Industries a guest on?,Comedy Film Nerds,0,"The answer 'comedy film nerds' does not correctly identify a known podcast on which the Chief Executive Officer of Nerdist Industries was a guest. The Nerdist CEO has appeared on the 'Nerdist Podcast,' which is the company's own podcast, but 'comedy film nerds' is not a recognized podcast related to this context.",What podcast was the cheif executive officer of Nerdist Industries a guest on?,Comedy Film Nerds,1,"Chris Hardwick, the chief executive officer of Nerdist Industries, was a guest on the 'Comedy Film Nerds' podcast. The answer is correct.",False
135,SuperMansion starred the actress who had a recurring role as whom on Workaholics?,Jillian Belk,0,"Jillian Belk is not known for a recurring role on Workaholics; the question asks for the character name she played, but the answer provides only the actress's name without specifying the role, and the information is inaccurate.",SuperMansion starred the actress who had a recurring role as whom on Workaholics?,Jillian Belk,1,"Jillian Belk is the character played by Jillian Bell on Workaholics, and Jillian Bell also starred in SuperMansion. The answer correctly identifies the recurring role.",False
58,"According to the 2001 census, what was the population of the city in which Kirton End is located?","35,124",1,"Kirton End is located in the city of Boston, Lincolnshire, England. According to the 2001 UK census, the population of Boston was approximately 35,124, so the answer is correct.","According to the 2001 census, what was the population of the city in which Kirton End is located?","35,124",0,"Kirton End is located near Boston, Lincolnshire. According to the 2001 census, the population of Boston was approximately 35,124. However, the answer does not specify the city, and the population figure is correct for Boston, so the answer is correct if Boston is assumed. However, the lack of specificity and context makes it potentially ambiguous, but the number itself is correct for Boston in 2001.",False
176,"Works by Hanna Leena Kristiina Varis are part of a collection in a museum that houses approximately 65,000 what?",drawings,0,"The answer 'drawings' does not correctly complete the question, which asks about the type of collection in a museum housing approximately 65,000 items. The question implies a collection type (e.g., artworks, artifacts), but 'drawings' is too specific and not confirmed as the correct collection type for Hanna Leena Kristiina Varis's works.","Works by Hanna Leena Kristiina Varis are part of a collection in a museum that houses approximately 65,000 what?",drawings,1,"The Ateneum Art Museum in Finland houses a collection of approximately 65,000 drawings, and works by Hanna-Leena Kristiina Varis are part of this collection. Therefore, 'drawings' is a correct answer.",False
178,"Born on 6 March 1937, this man was also a citizen of the United Kingdom.",Alistair Grant,0,Alistair Grant was born in 1937 but there is no widely known information confirming he was a citizen of the United Kingdom or that he was born on 6 March 1937. The answer lacks sufficient evidence to be considered correct.,"Born on 6 March 1937, this man was also a citizen of the United Kingdom.",Alistair Grant,1,"Alistair Grant was born on 6 March 1937 and was a British citizen, making the answer correct.",False
168,What was the 58th quadrennial American presidential election held after the 2016 Michigan Democratic primary?,United States presidential election of 2016,0,"The 58th quadrennial American presidential election would be the one held after the 2016 Michigan Democratic primary, which is the 2016 election itself. However, the question asks for the election held after that primary, implying the next election after 2016, which is the 2020 United States presidential election. Therefore, the answer 'United States presidential election of 2016' is incorrect.",What was the 58th quadrennial American presidential election held after the 2016 Michigan Democratic primary?,United States presidential election of 2016,1,"The 58th quadrennial American presidential election refers to the United States presidential election of 2016, which was held after the 2016 Michigan Democratic primary.",False
189,Tefik Selim Mborja was a part of a party that held power in Albania until what year? ,1943,0,"Tefik Selim Mborja was part of the Balli Kombëtar party, which was active during World War II but did not hold power in Albania until 1943. The party that held power in Albania until 1943 was the Italian-backed government during the occupation. The communist party took power after 1944. Therefore, the answer '1943' is incorrect in this context.",Tefik Selim Mborja was a part of a party that held power in Albania until what year? ,1943,1,"Tefik Selim Mborja was associated with the Albanian Fascist Party, which held power in Albania until 1943, when Italy capitulated and German forces took over. Therefore, the answer is correct.",False
206,Are Hot Rod and The Memory of Our People both magazines?,yes,1,"Both Hot Rod and Memory of Our People are magazines, so the answer 'yes' is correct.",Are Hot Rod and The Memory of Our People both magazines?,yes,0,"'Hot Rod' is a magazine, but 'Memory of Our People' is not a magazine; it is not known as a periodical publication. Therefore, the answer is incorrect.",False
198,What amount was the settlement that the character from the Son of al Quada got in 2017?,$10.5 million,0,There is no verifiable information about a settlement amount of 105 million related to a character from 'Son of Al Qaeda' in 2017; the answer appears incorrect or unsupported.,What amount was the settlement that the character from the Son of al Quada got in 2017?,$10.5 million,1,"The character from 'Son of al Qaeda', Abdurahman Khadr, was reportedly awarded a $105 million settlement in 2017. The answer matches the reported amount.",False
184,"What year did the series on CBS, starring the actor who known for his role in ""Rebel Without a Cause,"" air?",1952,1,"The actor known for his role in 'Rebel Without a Cause' is James Dean, and the CBS series 'Wanted: Dead or Alive' starring Steve McQueen (not James Dean) aired in 1958-1961. However, since the question is ambiguous and the answer given is 1952, which is the year 'Rebel Without a Cause' was released, the answer is correct if interpreted as the year of the actor's notable role rather than the series airing. Given the ambiguity, the answer is considered correct.","What year did the series on CBS, starring the actor who known for his role in ""Rebel Without a Cause,"" air?",1952,0,"The actor known for his role in 'Rebel Without a Cause' is James Dean. The CBS series starring James Dean, 'East of Eden,' aired in 1955. There is no record of a CBS series starring James Dean airing in 1952.",False
197, Robert Smith founded the multinational company headquartered in what city?,"Golden Valley, Minnesota,",1,"Robert Smith is the founder of Vista Equity Partners, a multinational investment firm headquartered in Austin, Texas. However, if the answer refers to a different Robert Smith or company, Golden Valley, Minnesota is known as the headquarters for certain companies. Given the lack of specification, and assuming the question refers to the well-known Robert Smith, the answer is incorrect. But since the answer is 'golden valley minnesota' and Robert Smith is associated with Vista Equity Partners in Austin, Texas, the answer is incorrect.", Robert Smith founded the multinational company headquartered in what city?,"Golden Valley, Minnesota,",0,"Robert Smith is known for founding Vista Equity Partners, which is headquartered in Austin, Texas, not Golden Valley, Minnesota. Golden Valley is the headquarters of General Mills, not a company founded by Robert Smith.",False
219,Which country did the Falkland Islands beat in the 2010 Commonwealth games that has eleven administrative divisions?,Samoa,1,"Samoa has eleven administrative divisions and was defeated by the Falkland Islands in the 2010 Commonwealth Games, making the answer correct.",Which country did the Falkland Islands beat in the 2010 Commonwealth games that has eleven administrative divisions?,Samoa,0,"The Falkland Islands beat Saint Helena in the 2010 Commonwealth Games, not Samoa. Additionally, Samoa does not have eleven administrative divisions.",False
210,Who was the captain of the only battleship to provide gunfire support during the Vietnam War?,Rear Adm. J. Edward Snyder,0,"Rear Admiral J. Edward Snyder was a naval officer during the Vietnam War, but he was not the captain of the only battleship to provide gunfire support. The battleship USS New Jersey (BB-62) was the only battleship to provide gunfire support during the Vietnam War, and its captain during that time was Captain John W. Roper. Therefore, the answer is incorrect.",Who was the captain of the only battleship to provide gunfire support during the Vietnam War?,Rear Adm. J. Edward Snyder,1,"Rear Admiral J. Edward Snyder was the captain of the USS New Jersey (BB-62), the only battleship to provide gunfire support during the Vietnam War.",False
216,Ernest Foot was the best friend of the fighter pilot who had how many victories?,44,0,"The answer '44' does not specify the name of the fighter pilot or provide context to verify the number of victories. Without identifying the pilot or confirming the number of victories, the answer cannot be deemed correct.",Ernest Foot was the best friend of the fighter pilot who had how many victories?,44,1,"Ernest Foot was the best friend of fighter pilot James McCudden, who had 44 aerial victories during World War I.",False
221,"Which television series featured an actor who also performed in ""The Young Ones""?","""The Comic Strip Presents...""",0,The television series 'Comic Strip Presents' did not feature actors from 'The Young Ones.' The correct answer would be 'The Young Ones' itself or related shows featuring its cast members.,"Which television series featured an actor who also performed in ""The Young Ones""?","""The Comic Strip Presents...""",1,"'Comic Strip Presents' featured several actors who also performed in 'The Young Ones', such as Rik Mayall, Adrian Edmondson, and Nigel Planer. Therefore, the answer is correct.",False
222,Are both Dafeng District and Dazhou located in the same province?,no,0,"Dafeng District is located in Jiangsu Province, while Dazhou is located in Sichuan Province, so they are not in the same province. The answer 'no' is correct, so the correctness score should be 1.",Are both Dafeng District and Dazhou located in the same province?,no,1,"Dafeng District is in Jiangsu Province, while Dazhou is in Sichuan Province. Therefore, they are not located in the same province.",False
230,What building is opposite the ceremonial meeting place of the Accession Council in the United Kingdom?,Mark Masons' Hall,1,"The Ceremonial Meeting Place of the Accession Council in the United Kingdom is the Friary Court of St James's Palace, and the building opposite it is Freemasons' Hall, also known as Mark Masons' Hall, which is the headquarters of the United Grand Lodge of England.",What building is opposite the ceremonial meeting place of the Accession Council in the United Kingdom?,Mark Masons' Hall,0,"The ceremonial meeting place of the Accession Council in the United Kingdom is St James's Palace. The building opposite St James's Palace is Lancaster House, not Mark Masons' Hall. Therefore, the answer is incorrect.",False
232,One Raffles Place is one of the tallest skyscrapers in the city of Singapore and tallest in the wolrd outside North America until it was succeeded by a Building in city?,Hong Kong,0,"The answer 'hong kong' does not specify the building that succeeded One Raffles Place as the tallest skyscraper outside North America. The question asks for the building, not the city, so the answer is incorrect.",One Raffles Place is one of the tallest skyscrapers in the city of Singapore and tallest in the wolrd outside North America until it was succeeded by a Building in city?,Hong Kong,1,The answer 'hong kong' is correct because the building that succeeded One Raffles Place as the tallest building outside North America is located in Hong Kong (the Bank of China Tower).,False
233,"Which case came first, Craig v. Boren or United States v. Paramount Pictures, Inc.?",Craig v. Boren,1,"Craig v. Boren (1976) was decided before United States v. Paramount Pictures, Inc. (1948). However, this is incorrect because United States v. Paramount Pictures, Inc. was decided in 1948, which is earlier than Craig v. Boren in 1976. Therefore, the answer 'Craig v. Boren' is incorrect.","Which case came first, Craig v. Boren or United States v. Paramount Pictures, Inc.?",Craig v. Boren,0,"The answer is incorrect. United States v. Paramount Pictures, Inc. was decided in 1948, while Craig v. Boren was decided in 1976. Therefore, United States v. Paramount Pictures, Inc. came first.",False
262,What NIFL Premier Intermediate League team did Sean Connor play for?,Distillery,1,"Sean Connor played for Distillery in the NIFL Premier Intermediate League, so the answer is correct.",What NIFL Premier Intermediate League team did Sean Connor play for?,Distillery,0,"Sean Connor is known as a football manager, not as a player for Distillery or any other NIFL Premier Intermediate League team. There is no record of him playing for Distillery.",False
253,"Which director had the longest career, Alain Resnais or Scott Sidney?",Scott Sidney,1,"Scott Sidney's directing career spanned from 1913 to 1928, approximately 15 years, while Alain Resnais's career spanned from the late 1940s to 2014, about 65 years. Therefore, Alain Resnais had the longer career, so the answer 'Scott Sidney' is incorrect.","Which director had the longest career, Alain Resnais or Scott Sidney?",Scott Sidney,0,"Alain Resnais had a longer career than Scott Sidney. Resnais's directing career spanned from the 1940s to the 2010s, while Scott Sidney's career was mainly from the 1910s to the late 1920s.",False
254,"in 1999, Spirit Halloween LLC was purchased by a mall retailer that has how many stores in the United States and Canada ?",over 600 stores,1,"Spirit Halloween LLC was acquired by Spencer Gifts, a mall retailer that operates over 600 stores in the United States and Canada, making the answer correct.","in 1999, Spirit Halloween LLC was purchased by a mall retailer that has how many stores in the United States and Canada ?",over 600 stores,0,"The mall retailer that purchased Spirit Halloween in 1999 was Spencer Gifts, which at the time had about 450 stores in the United States and Canada, not over 600. The answer is incorrect.",False
261,Patrick Kennedy is known for his collections of Irish  folktales from a province situated in which part of Ireland ?,the east of Ireland,0,"Patrick Kennedy is known for collecting Irish folktales primarily from the province of Leinster, which is located in the eastern part of Ireland. However, the answer 'east of ireland' is vague and geographically incorrect as it suggests a location outside Ireland rather than a province within it. Therefore, the answer is incorrect.",Patrick Kennedy is known for his collections of Irish  folktales from a province situated in which part of Ireland ?,the east of Ireland,1,"Patrick Kennedy is known for collecting Irish folktales from the province of Leinster, which is situated in the east of Ireland. The answer correctly identifies the region as the east of Ireland.",False
267,Candy Coburn has shared the stage with an American country music group with who playing guitar?,Charles Kelley,1,"Charles Kelley is a member of the American country music group Lady A and is known for playing guitar; Candy Coburn has shared the stage with Lady A, making the answer correct.",Candy Coburn has shared the stage with an American country music group with who playing guitar?,Charles Kelley,0,"Charles Kelley is a member of the American country music group Lady A (formerly Lady Antebellum), but he is primarily known as a vocalist, not a guitarist. The question asks for the guitarist who played with Candy Coburn, so this answer is incorrect.",False
263,"Which character does this protagonist, who secretly loves and marries a member of the rival house, of William Shakespeare's tragedy that has a fictional character Benvolio slay?",Tybalt,0,"The protagonist who secretly loves and marries a member of a rival house in Shakespeare's tragedy is Romeo, who marries Juliet. Tybalt is a member of the Capulet family and is killed by Romeo, not Benvolio. Benvolio does not slay any character in the play.","Which character does this protagonist, who secretly loves and marries a member of the rival house, of William Shakespeare's tragedy that has a fictional character Benvolio slay?",Tybalt,1,"The protagonist is Juliet, who secretly loves and marries Romeo, a member of the rival house. In Shakespeare's 'Romeo and Juliet', Benvolio is present at the fight where Tybalt is slain, but it is actually Romeo who kills Tybalt. However, the question is ambiguous, and Tybalt is the correct answer as the character who is slain in the context of the rivalry.",False
259,which is larger Asante Traditional Buildings or Gulangyu?,Gulangyu,1,"Gulangyu Island is larger in area compared to the typical Asante traditional buildings, which are individual structures rather than a large area or island.",which is larger Asante Traditional Buildings or Gulangyu?,Gulangyu,0,"The question compares 'Asante traditional buildings' (a group of historic buildings in Ghana) with 'Gulangyu' (an entire island in China). Gulangyu, being an island, is much larger in area than the Asante traditional buildings. The answer 'gulangyu' is correct in terms of size, but the comparison is not between like entities, making the answer contextually confusing. However, strictly by size, Gulangyu is larger.",False
288,In what 1997 American mystery crime film did Johnny Galecki start in?,Suicide Kings,0,Johnny Galecki did not star in the 1997 American mystery crime film 'Suicide Kings'; he appeared in other films but not this one.,In what 1997 American mystery crime film did Johnny Galecki start in?,Suicide Kings,1,Johnny Galecki appeared in the 1997 American mystery crime film 'Suicide Kings.',False
282,In what month was the relief first officer of the flight that crashed on its way to Cairo with a stop in New York Born?,February,0,"The answer 'february' does not specify the year or the exact date, and without additional context or verification, it is unclear if this is correct. Moreover, the question is ambiguous and lacks details about the specific flight or incident, making it impossible to confirm the correctness of the answer.",In what month was the relief first officer of the flight that crashed on its way to Cairo with a stop in New York Born?,February,1,"The question refers to the relief first officer of the flight that crashed on its way to Cairo with a stop in New York, which is likely referencing EgyptAir Flight 990. The relief first officer, Gameel Al-Batouti, was born in February. Therefore, the answer 'february' is correct.",False
291,What is the population of the town at the intersection of Interstate Highways 77 and  the longest Interstate highway within the borders of Virginia?,"8,211 at the 2010 census",1,"The town at the intersection of Interstate 77 and Interstate 81 (the longest interstate highway within Virginia) is Wytheville, which had a population of 8,211 according to the 2010 census. Therefore, the answer is correct.",What is the population of the town at the intersection of Interstate Highways 77 and  the longest Interstate highway within the borders of Virginia?,"8,211 at the 2010 census",0,"The town at the intersection of I-77 and the longest interstate in Virginia (I-81) is Wytheville, Virginia. According to the 2010 census, Wytheville had a population of 8,211, so the number is correct. However, the answer does not specify the town's name, which is necessary for clarity. Therefore, the answer is incomplete.",False
296,The Church of the Guanche People was founded in the city that is on the most populated island of what larger area?,Macaronesia,1,"The Guanche people were indigenous to the Canary Islands, which are part of Macaronesia, a region that includes several North Atlantic archipelagos. Therefore, stating 'Macaronesia' as the larger area is correct.",The Church of the Guanche People was founded in the city that is on the most populated island of what larger area?,Macaronesia,0,"The most populated island where the Church of the Guanche People was founded is Tenerife, which is part of the Canary Islands. The Canary Islands are part of Macaronesia, but the question asks for the larger area directly associated with the most populated island, which is the Canary Islands, not Macaronesia. Therefore, the answer 'macaronesia' is too broad and not the most accurate answer.",False
277,"In what city was the Italian Baroque composer who composed a set of sonatas, titled Op. 5, born?",Venice,1,"The Italian Baroque composer who composed the set of sonatas titled Op. 5 is Arcangelo Corelli, who was born in Fusignano, near Ravenna, but the question likely refers to Venice as a significant city related to Italian Baroque music. However, since Corelli was not born in Venice, the answer is incorrect if strictly considering birthplace. If the question refers to Vivaldi, who composed Op. 5 sonatas and was born in Venice, then the answer is correct. Given the ambiguity, the answer 'Venice' is correct for Antonio Vivaldi, the composer of Op. 5 sonatas.","In what city was the Italian Baroque composer who composed a set of sonatas, titled Op. 5, born?",Venice,0,"The Italian Baroque composer who composed a set of sonatas titled Op. 5 is Arcangelo Corelli, who was born in Fusignano, not Venice.",False
298,"The mass killing that took place at Oakland, California on April 2, 2012 was less deadly than the one that took place on October 1, 2015 in which state?",Oregon,0,"The mass killing on April 2, 2012, in Oakland, California, was less deadly than the one on October 1, 2015, which occurred in Nevada, not Oregon.","The mass killing that took place at Oakland, California on April 2, 2012 was less deadly than the one that took place on October 1, 2015 in which state?",Oregon,1,"The mass killing on October 1, 2015, took place at Umpqua Community College in Roseburg, Oregon. Therefore, the answer 'Oregon' is correct.",False
300,Where is the company that owns thanKing Horse pub restaurant chain based ?,"Bury St Edmunds,",0,"The answer 'bury st edmunds' is a location, but it is not the base of the company that owns the Thanking Horse pub restaurant chain. The company is not known to be based there, so the answer is incorrect.",Where is the company that owns thanKing Horse pub restaurant chain based ?,"Bury St Edmunds,",1,"The company that owns the Thanking Horse pub restaurant chain is based in Bury St Edmunds, Suffolk, UK. The answer is correct.",False
302,"What is the birthday of the actress who was the Duchess in ""The Revengers Tragedy""?",23 November 1946,0,"The answer provides a date but does not specify the actress's name or confirm that this date corresponds to the birthday of the actress who played the duchess in 'Revengers Tragedy.' Without identifying the actress or verifying the date, the answer is incomplete and cannot be considered correct.","What is the birthday of the actress who was the Duchess in ""The Revengers Tragedy""?",23 November 1946,1,"The actress who played the Duchess in 'The Revenger's Tragedy' (2002) is Julie Cox, but the 1966 film adaptation featured Annette Crosbie as the Duchess. However, the birthdate 23 November 1946 matches Annette Crosbie, who is a well-known actress. Therefore, the answer is correct if referring to Annette Crosbie.",False
307,"What prolific English engineer, who died on 15 December 1857, contributed to the advent of the hot air engine by way of their open cycle devices?",George Cayley,0,"George Cayley was a pioneering English engineer known for his work in aerodynamics and early aviation, not for contributions to hot air engines or open cycle devices related to them. The correct answer is likely George Cayley is incorrect in this context.","What prolific English engineer, who died on 15 December 1857, contributed to the advent of the hot air engine by way of their open cycle devices?",George Cayley,1,George Cayley was a prolific English engineer who died on 15 December 1857 and contributed to the development of the hot air engine with his open cycle devices.,False
301,What is the uppermost age range for the sort of fiction written by Alexander Gordon Smith?,early 20s,1,"Alexander Gordon Smith primarily writes young adult fiction, which typically targets readers up to their early 20s, making 'early 20s' an appropriate uppermost age range for his work.",What is the uppermost age range for the sort of fiction written by Alexander Gordon Smith?,early 20s,0,"Alexander Gordon Smith writes primarily young adult fiction, which is generally targeted at readers up to around 18 years old, not the early 20s.",False
309,Are Staten Island Catapult and This Is Elvis both documentaries?,yes,1,"Both 'Staten Island Catapult' and 'This Is Elvis' are documentaries, so the answer 'yes' is correct.",Are Staten Island Catapult and This Is Elvis both documentaries?,yes,0,"'This Is Elvis' is a documentary about Elvis Presley, but 'Staten Island Catapult' is not a well-known documentary and does not appear to be a documentary film. Therefore, the answer is incorrect.",False
313,Who was born first Am Rong or Ava DuVernay ?,Am Rong,1,"Am Rong was born in 1911, while Ava DuVernay was born in 1972, so Am Rong was born first.",Who was born first Am Rong or Ava DuVernay ?,Am Rong,0,"There is no widely known public figure named 'am rong' for comparison. Ava DuVernay was born in 1972. Without evidence of 'am rong' being a real person and their birthdate, the answer cannot be considered correct.",False
310,"What is the year of the event that occured first, Making Today a Perfect Day was produced, or Frozen was produced?",2013,0,"The answer '2013' does not specify which event it refers to, and without context, it is unclear whether 'Making Today Perfect Day' or 'Frozen' was produced first. 'Frozen' was released in 2013, but 'Making Today Perfect Day' is not a widely recognized event or production, so the answer lacks clarity and correctness.","What is the year of the event that occured first, Making Today a Perfect Day was produced, or Frozen was produced?",2013,1,"'Frozen' was produced and released in 2013, and 'Today Was a Fairytale' by Taylor Swift was released in 2010. The question asks for the year of the event that occurred first, and the answer '2013' matches the year 'Frozen' was produced, which is later than 'Today Was a Fairytale.' However, the answer seems to be referencing 'Frozen,' which is correct if the question is asking for the year 'Frozen' was produced. If the question is asking which event happened first, the answer should be 2010. But as written, the answer '2013' matches 'Frozen.'",False
319,"Two positions were filled in The Voice of Ireland b which British-Irish girl group based in London, England?",The Saturdays,1,"The Saturdays is a British-Irish girl group based in London, England, and the answer correctly identifies the group associated with 'The Voice of Ireland B' context.","Two positions were filled in The Voice of Ireland b which British-Irish girl group based in London, England?",The Saturdays,0,"The correct answer should be 'The Saturdays', but the answer provided is not capitalized and lacks the definite article 'The'. Additionally, The Saturdays are a British-Irish girl group based in London, but the answer is incomplete and not fully accurate in context.",False
323,Folie à Deux is a studio album by the American rock band formed in which city?,Wilmette,0,"The band Fall Out Boy, which released the album 'Folie à Deux,' was formed in Wilmette, Illinois, so the answer 'wilmette' is correct.",Folie à Deux is a studio album by the American rock band formed in which city?,Wilmette,1,"Fall Out Boy, the band that released 'Folie à Deux', was formed in Wilmette, Illinois.",False
303,Which film starring Patrick Tatten is based on a book written by Steve Lopez?,The Soloist,1,"The film 'The Soloist' stars Robert Downey Jr. and Jamie Foxx, with Jamie Foxx playing the role of Nathaniel Ayers. Patrick Tatten is not a known actor in this film. However, the question asks for a film starring Patrick Tatten based on a book by Steve Lopez. There is no record of a film starring Patrick Tatten based on Steve Lopez's book. Therefore, the answer 'soloist' is correct in terms of the film based on Steve Lopez's book, but incorrect regarding Patrick Tatten starring in it.",Which film starring Patrick Tatten is based on a book written by Steve Lopez?,The Soloist,0,"'The Soloist' is based on a book by Steve Lopez, but Patrick Tatten does not star in the film. The main stars are Jamie Foxx and Robert Downey Jr.",False
330,"Where is the singer of ""B Boy"" raised?",Philadelphia,1,"The singer of B.o.B (often stylized as B.o.B) was raised in Philadelphia, which is consistent with the answer provided.","Where is the singer of ""B Boy"" raised?",Philadelphia,0,"The question is unclear, but if it refers to the singer of the song 'B Boy' by Meek Mill, he is from Philadelphia. However, if it refers to the general term 'b-boy' (breakdancer), there is no single singer. The answer lacks context and clarity, so it cannot be considered correct without further information.",False
327,What studio album did Kanye West record with Roc-A-Fella Records and soul singer Dwele?,My Beautiful Dark Twisted Fantasy,0,"Kanye West's album 'My Beautiful Dark Twisted Fantasy' was released under Roc-A-Fella Records, but it is not primarily known for featuring soul singer Dwele. Dwele collaborated with Kanye West on earlier albums such as 'Late Registration' and 'Graduation.' Therefore, the answer is incorrect.",What studio album did Kanye West record with Roc-A-Fella Records and soul singer Dwele?,My Beautiful Dark Twisted Fantasy,1,"'My Beautiful Dark Twisted Fantasy' is a studio album by Kanye West, released under Roc-A-Fella Records, and features soul singer Dwele on the song 'Power.'",False
346,"What was the name of the 19th century foundry which was located in a village directly across the Hudson River from Westpoint in Putnam County, New York?",West Point Iron and Cannon Foundry,0,"The correct name of the 19th-century foundry located in the village directly across the Hudson River from West Point in Putnam County, New York, is the 'West Point Foundry,' not 'West Point Iron and Cannon Foundry.'","What was the name of the 19th century foundry which was located in a village directly across the Hudson River from Westpoint in Putnam County, New York?",West Point Iron and Cannon Foundry,1,"The West Point Foundry, also known as the West Point Iron and Cannon Foundry, was located in Cold Spring, Putnam County, New York, directly across the Hudson River from West Point. The answer is correct.",False
354,Were Thomas H. Ince and Joseph McGrath of the same nationality?,no,1,"Thomas H. Ince was an American film producer and director, and Joseph McGrath was a Scottish film director. Since they were from different countries, the answer 'no' is correct.",Were Thomas H. Ince and Joseph McGrath of the same nationality?,no,0,"Thomas H. Ince was American, and Joseph McGrath (the film director) is Scottish. Therefore, they were not of the same nationality. The answer 'no' is correct if referring to these two individuals. However, if the question refers to a different Joseph McGrath (such as the American politician), then both would be American. The answer lacks clarification about which Joseph McGrath is meant, so without more context, the answer could be misleading.",False
351,"Which playwright lived a longer life, Edward Albee or J. M. Barrie?",Edward Franklin Albee III,0,"The answer provides the full name of Edward Albee but does not address which playwright lived longer, which is the question asked.","Which playwright lived a longer life, Edward Albee or J. M. Barrie?",Edward Franklin Albee III,1,"Edward Albee (1928–2016) lived to be 88 years old, while J. M. Barrie (1860–1937) lived to be 77 years old. Therefore, Edward Albee lived a longer life.",False
335,Mamie Gummer played the role of Nancy Crozier on the TV series airing on what network?,CBS,0,"Mamie Gummer played the role of Nancy Crozier on the TV series 'The Good Wife,' which aired on CBS. However, the answer 'cbs' is correct in terms of the network, so the correctness should be 1.",Mamie Gummer played the role of Nancy Crozier on the TV series airing on what network?,CBS,1,"Mamie Gummer played the role of Nancy Crozier on 'The Good Wife,' which aired on CBS.",False
355,Are Phlebodium and Pieris both species of ferns?,no,0,"Phlebodium is a genus of ferns, but Pieris is a genus of flowering plants (shrubs), not ferns. Therefore, the answer 'no' is incorrect because only Pieris is not a fern, while Phlebodium is.",Are Phlebodium and Pieris both species of ferns?,no,1,"Phlebodium is a genus of ferns, but Pieris is a genus of flowering plants in the family Ericaceae, not ferns. Therefore, the answer 'no' is correct.",False
350,"when was the album that includes the song by Dustin Lynch released to country radio on February 17, 2017?","September 8, 2017",0,"The answer 'September 8, 2017' does not correspond to the date February 17, 2017, when the album including a song by Dustin Lynch was released to country radio. Therefore, the answer is incorrect.","when was the album that includes the song by Dustin Lynch released to country radio on February 17, 2017?","September 8, 2017",1,"Dustin Lynch's album 'Current Mood', which includes the song 'Small Town Boy' (released to country radio on February 17, 2017), was released on September 8, 2017. The answer is correct.",False
366,What is the name of this Fortune 500 American company that operates a chain of retail home improvement stores that sponsored House Rules?,Lowe's,0,"The company that operates a chain of retail home improvement stores and sponsored 'House Rules' is The Home Depot, not Lowe's.",What is the name of this Fortune 500 American company that operates a chain of retail home improvement stores that sponsored House Rules?,Lowe's,1,Lowe's is a Fortune 500 American company that operates a chain of retail home improvement stores and has sponsored the show 'House Rules.' The answer is correct.,False
376,What company did Roscoe Channing form with the owner of a leading stable of thoroughbred racehorses?,Hudson Bay Mining and Smelting Company,0,"The answer 'Hudson Bay Mining and Smelting Company' is incorrect; Roscoe Channing was associated with thoroughbred horse racing, not mining and smelting companies.",What company did Roscoe Channing form with the owner of a leading stable of thoroughbred racehorses?,Hudson Bay Mining and Smelting Company,1,"Roscoe Channing co-founded the Hudson Bay Mining and Smelting Company with James Buchanan 'Buck' Duke, who was also known for owning a leading stable of thoroughbred racehorses. The answer is correct.",False
379,What criteria subjectively qualifies the Houston Astrodome to be called the Eighth Wonder of the World?,comparable to the seven Wonders of the World,1,"The answer correctly captures the subjective nature of the Astrodome being called the 'Eighth Wonder of the World' by stating it is comparable to the Seven Wonders of the World, which is the common reasoning behind the nickname.",What criteria subjectively qualifies the Houston Astrodome to be called the Eighth Wonder of the World?,comparable to the seven Wonders of the World,0,"The answer is too vague and does not specify any subjective criteria. It simply states that the Astrodome is 'comparable to seven wonders of world' without explaining in what ways (e.g., architectural innovation, scale, technological advancement) it is comparable or why it was subjectively considered the 'eighth wonder.'",False
383,"What national historic district is located near a village in the town of Philipstown, New York?",Valhalla Highlands Historic District,0,"The Valhalla Highlands Historic District is not located near the village in the town of Philipstown, New York. The correct historic district near Philipstown is the Garrison Landing Historic District or other local historic districts, but not Valhalla Highlands.","What national historic district is located near a village in the town of Philipstown, New York?",Valhalla Highlands Historic District,1,"The Valhalla Highlands Historic District is a national historic district located near the village of Cold Spring in the town of Philipstown, New York. The answer is correct.",False
375,For One Night Only was hosted by the man most well-known for hosting what show from 1962 until 1999?,The Late Late Show,0,"The answer 'late late show' is incorrect because the question refers to a host known for hosting a show from 1962 until 1999, which aligns with Johnny Carson hosting 'The Tonight Show' during that period, not the 'Late Late Show.'",For One Night Only was hosted by the man most well-known for hosting what show from 1962 until 1999?,The Late Late Show,1,"'The Late Late Show' is the correct answer. Gay Byrne, who hosted 'For One Night Only,' is most well known for hosting 'The Late Late Show' from 1962 until 1999.",False
397,"Which football team does Lewis Young's older brother, Ashley Young, play for?",Premier League club Manchester United and the England national team,1,"Ashley Young currently plays for Premier League club Manchester United and has been a member of the England national team, so the answer is correct.","Which football team does Lewis Young's older brother, Ashley Young, play for?",Premier League club Manchester United and the England national team,0,"Ashley Young previously played for Manchester United and the England national team, but as of 2024, he plays for Everton. The answer is outdated and therefore incorrect.",False
394,"Who wrote The Devils, and was an eninent English theater, opera and film director?",Peter Hall,0,"Peter Hall was a prominent English theater and film director, but he did not write 'Devils'; the play 'The Devils' was written by John Whiting, based on a book by Aldous Huxley.","Who wrote The Devils, and was an eninent English theater, opera and film director?",Peter Hall,1,"Peter Hall was a prominent English theatre, opera, and film director. He did not write 'Devils' (the play was written by John Whiting), but he did direct a notable production of 'The Devils.' The answer is correct regarding his eminence as a director, but not as the writer.",False
402,American Blues included the drummer from which American rock band?,ZZ Top,0,"ZZ Top is an American rock band, but it is not known for having a drummer who was part of the American blues genre; the answer does not correctly address the question about American blues including a drummer from an American rock band.",American Blues included the drummer from which American rock band?,ZZ Top,1,"Frank Beard, the drummer for ZZ Top, played with the band American Blues before joining ZZ Top. Therefore, the answer is correct.",False
404,The Jeep Cherokee was originally sold as a variant of a Jeep model produced during what years?,1963 to 1991,0,"The Jeep Cherokee was originally introduced in 1974 as a variant of the Jeep Wagoneer, not starting in 1963. The years 1963 to 1991 do not accurately represent the production span of the original Jeep Cherokee model.",The Jeep Cherokee was originally sold as a variant of a Jeep model produced during what years?,1963 to 1991,1,"The Jeep Cherokee was originally sold as a variant of the Jeep Wagoneer, which was produced from 1963 to 1991. This answer correctly identifies the years.",False
409,What are the names of the members of the Detroit-based hip hop duo who has worked with Jason Gilbert?,"Royce da 5'9"" (Bad) and Eminem (Evil)",0,"The answer incorrectly names 'royce da 59 bad and eminem evil' which are not the correct names of the Detroit-based hip hop duo. The correct duo is Bad Meets Evil, consisting of Royce da 5'9"" and Eminem.",What are the names of the members of the Detroit-based hip hop duo who has worked with Jason Gilbert?,"Royce da 5'9"" (Bad) and Eminem (Evil)",1,"The Detroit-based hip hop duo is 'Bad Meets Evil,' consisting of Royce da 5'9"" (Royce da 59 bad) and Eminem (evil). The answer correctly identifies both members, though the formatting is a bit off.",False
419,What is the 2010 population of the city 2.1 miles southwest of Marietta Air Force Station?,"51,271",1,"The city located approximately 21 miles southwest of Marietta Air Force Station is Carrollton, Georgia, which had a population of about 51,271 in 2010, making the answer correct.",What is the 2010 population of the city 2.1 miles southwest of Marietta Air Force Station?,"51,271",0,"The answer provides a population number (51271) but does not specify the city. The city 21 miles southwest of Marietta Air Force Station is likely Newnan, Georgia, whose 2010 population was approximately 33,039, not 51,271. Therefore, the answer is incorrect.",False
434,The movies The Boatniks and The Great Locomotive Chase were both made by which production company?,Walt Disney Productions,0,"The movie 'The Great Locomotive Chase' was produced by Walt Disney Productions, but 'Boatniks' was also produced by Walt Disney Productions. Therefore, the answer is correct.",The movies The Boatniks and The Great Locomotive Chase were both made by which production company?,Walt Disney Productions,1,Both 'The Boatniks' and 'The Great Locomotive Chase' were produced by Walt Disney Productions.,False
435,How long is the river for which Frenchmans Creek is a tributary?,2844 km,0,"The answer '2844 km' is incorrect because Frenchmans Creek is a tributary of the River Tamar in England, which is approximately 61 km long, not 2844 km.",How long is the river for which Frenchmans Creek is a tributary?,2844 km,1,"Frenchmans Creek is a tributary of the River Murray, which is approximately 2,844 km long. The answer correctly gives the length of the River Murray.",False
452,"Which Argentine telenovela broadcast by Telefe from March 12 to December 19, 2012 starred Isabel Macedo as Jimena Benitez?",Graduados,0,"The Argentine telenovela 'Graduados' aired in 2012 on Telefe but did not star Isabel Macedo as Jimena Benitez; Isabel Macedo was not part of the main cast of 'Graduados.' The correct telenovela starring Isabel Macedo as Jimena Benitez is 'Lobo,' which aired in 2012 on Telefe.","Which Argentine telenovela broadcast by Telefe from March 12 to December 19, 2012 starred Isabel Macedo as Jimena Benitez?",Graduados,1,"'Graduados' is the correct answer. It is an Argentine telenovela broadcast by Telefe from March 12 to December 19, 2012, and Isabel Macedo starred as Jimena Benítez.",False
469,"What 2016 film stars actor Xavier Samuel and an actress who portrayed Vasilisa Dragomir in the film ""Vampire Academy""?",Mr. Church,0,"The 2016 film starring Xavier Samuel and the actress who portrayed Vasilisa Dragomir (Zoey Deutch) in 'Vampire Academy' is 'The Darkness,' not 'Mr. Church.' Therefore, the answer is incorrect.","What 2016 film stars actor Xavier Samuel and an actress who portrayed Vasilisa Dragomir in the film ""Vampire Academy""?",Mr. Church,1,"'Mr. Church' is a 2016 film starring Xavier Samuel and Zoey Deutch, who played Vasilisa Dragomir in 'Vampire Academy.' The answer correctly identifies the film.",False
459,William Pery served as Captain of the Yeomen of the Guard under the lord who served in what position from 1865 to 1868?,Viscount Cranborne,1,"Viscount Cranborne served as the Lord President of the Council from 1865 to 1868, and William Pery served as Captain of the Yeomen of the Guard under him during that period.",William Pery served as Captain of the Yeomen of the Guard under the lord who served in what position from 1865 to 1868?,Viscount Cranborne,0,"Viscount Cranborne (Robert Cecil) was not the Lord who served as William Pery's superior as Captain of the Yeomen of the Guard from 1865 to 1868. The correct answer is Lord Russell, who was Prime Minister during that period.",False
477,"Which is a Macedonian weekly, Hänt Extra or Tea Moderna?",Tea Moderna,0,"The answer 'tea moderna' is incorrect because 'Hänt Extra' is a Swedish weekly magazine, while 'Tea Moderna' is not recognized as a Macedonian weekly magazine. Therefore, neither matches the description accurately, but 'Hänt Extra' is the known weekly magazine, not 'Tea Moderna'.","Which is a Macedonian weekly, Hänt Extra or Tea Moderna?",Tea Moderna,1,"Tea Moderna is a Macedonian weekly magazine, while Hänt Extra is a Swedish magazine. Therefore, 'Tea Moderna' is the correct answer.",False
479,Who programmed a cartridge-based development system made by a company noted for authoring Atari's BASIC?,Kathleen O'Brien,0,Kathleen O'Brien is not known for programming the cartridge-based development system made by the company noted for authoring Atari BASIC; the correct attribution is to others associated with Atari's development teams.,Who programmed a cartridge-based development system made by a company noted for authoring Atari's BASIC?,Kathleen O'Brien,1,"Kathleen O'Brien was the programmer of the cartridge-based development system for the Atari, and she worked for Shepardson Microsystems, the company noted for authoring Atari BASIC.",False
481,Hate Them is the ninth album by a band likened to who?,Motörhead,0,"The answer 'Motörhead' is incorrect because 'Hate Them' is not the ninth album by a band likened to Motörhead; the question is unclear, but Motörhead is a band, not an album, and 'Hate Them' does not correspond to their discography.",Hate Them is the ninth album by a band likened to who?,Motörhead,1,"'Hate Them' is the ninth album by the band Darkthrone, who are often likened to Motörhead due to their raw sound and attitude. The answer correctly identifies Motörhead as the band to whom Darkthrone is compared.",False
485,In what year was the team that Luke Clark plays either right back or central midfielder for founded?,1963,0,"The answer '1963' does not specify the team Luke Clark plays for, making it impossible to verify if the founding year is correct. Without identifying the team, the answer is incomplete and cannot be deemed correct.",In what year was the team that Luke Clark plays either right back or central midfielder for founded?,1963,1,"Luke Clark plays for Marine AFC, which was founded in 1894, but he previously played for Salford City, which was founded in 1940, and for Accrington Stanley, which was founded in 1968. However, he also played for Tranmere Rovers, which was founded in 1884. The only club founded in 1963 that he played for is Chester FC, which was reformed in 2010, but the original Chester City FC was founded in 1885. Given the ambiguity, but considering the most likely club is Accrington Stanley (1968), the answer 1963 is close but not exact. However, if the intended club is Salford City, the answer is incorrect. Since none of the clubs he played for were founded in 1963, the answer is incorrect.",False
493,"After he was contracted by the team that is headquartered in Affalterbach, Baden-Württemberg, Germany, Dario Franchitti competed in what series?",DTM,1,"Dario Franchitti competed in the DTM series after being contracted by the Mercedes-AMG team headquartered in Affalterbach, Baden-Württemberg, Germany.","After he was contracted by the team that is headquartered in Affalterbach, Baden-Württemberg, Germany, Dario Franchitti competed in what series?",DTM,0,"Dario Franchitti never competed in the DTM (Deutsche Tourenwagen Masters) series. After being contracted by Mercedes (headquartered in Affalterbach, Baden-Württemberg), he competed in the International Touring Car Championship (ITC), not DTM.",False
480,"Which record label released Van Morrison's ""I've Been Working"" on the album ""His Band and the Street Choir""?",Warner Bros,0,"Van Morrison's album 'His Band and Street Choir' was released by Warner Bros. Records in the United States, but in the UK it was released by Mercury Records. Since the answer only mentions 'Warner Bros' without specifying region, it is partially correct but incomplete. However, the question does not specify region, so the answer is acceptable as correct.","Which record label released Van Morrison's ""I've Been Working"" on the album ""His Band and the Street Choir""?",Warner Bros,1,'His Band and the Street Choir' by Van Morrison was released by Warner Bros. Records in 1970. The answer is correct.,False
